entry_time,entry_price,exit_time,exit_price,quantity,entry_reason,exit_reason,gross_pnl,fees,slippage_cost,net_pnl,gross_return_percent,return_percent,holding_duration_minutes
2026-09-05 03:55:00+00:00,79659.01960500001,2026-09-05 04:35:00+00:00,79537.0066025,0.0002504424495672275,bullish_ma_crossover_rsi_filter_passed,bearish_crossover,-0.010622516498395995,0.09977361940569024,0.01995970623300583,-0.13035584213709206,-0.05327231958218142,-0.6517792106854603,40.0
2026-09-05 06:05:00+00:00,79668.884535,2026-09-05 08:35:00+00:00,79545.3424325,0.0002504114387497869,bullish_ma_crossover_rsi_filter_passed,bearish_crossover,-0.01100182656147495,0.09977267160467013,0.019959516577973208,-0.13073401474411828,-0.05517457380829918,-0.6536700737205914,150.0
2026-09-05 09:40:00+00:00,79731.595875,2026-09-05 10:10:00+00:00,79586.836675,0.00025021448249043965,bullish_ma_crossover_rsi_filter_passed,bearish_crossover,-0.01628896281012908,0.09975946037296879,0.019956873009847956,-0.13600529619294582,-0.08168976085982028,-0.6800264809647292,30.0
2026-09-05 12:10:00+00:00,79714.20968624999,2026-09-05 14:15:00+00:00,79647.328414,0.0002502690559000951,bullish_ma_crossover_rsi_filter_passed,bearish_crossover,0.003203318780995336,0.09980816671159463,0.019966619150643447,-0.11657146708124275,0.01606476411220969,-0.5828573354062138,125.0
2026-09-05 14:50:00+00:00,79789.050588,2026-09-05 18:45:00+00:00,79936.489761,0.0002500343073765113,bullish_ma_crossover_rsi_filter_passed,bearish_crossover,0.05683329813529478,0.09994217462250618,0.019993434140319497,-0.0631023106275309,0.28502112673865876,-0.3155115531376545,235.0
2026-09-06 03:45:00+00:00,80160.06,2026-09-06 04:50:00+00:00,79877.651195,0.0002488770592237581,bullish_ma_crossover_rsi_filter_passed,bearish_crossover,-0.05037022801629626,0.0996742998115349,0.019939832377246152,-0.16998436020507732,-0.2526085871193203,-0.8499218010253866,65.0
2026-09-06 06:05:00+00:00,79999.215618,2026-09-06 06:40:00+00:00,79794.87010625,0.0002493774450897392,bullish_ma_crossover_rsi_filter_passed,bearish_crossover,-0.031034648975250063,0.09972261458966371,0.01994950016676659,-0.15070676373168035,-0.15563993132700593,-0.7535338186584017,35.0
2026-09-06 08:20:00+00:00,79879.19513775,2026-09-06 11:55:00+00:00,79877.8411,0.00024975214091224433,bullish_ma_crossover_rsi_filter_passed,bearish_crossover,0.019611661989063413,0.09984916705918578,0.01997482332224591,-0.10021232839236828,0.0983532221556789,-0.5010616419618413,215.0
2026-09-06 13:00:00+00:00,79954.1571,2026-09-06 13:15:00+00:00,79853.35335,0.0002495179828491995,bullish_ma_crossover_rsi_filter_passed,bearish_crossover,-0.005214925841546817,0.09978713162284403,0.019962410028333016,-0.12496446749272386,-0.026153049145200957,-0.6248223374636193,15.0
2026-09-06 16:20:00+00:00,79748.0541,2026-09-06 19:55:00+00:00,79772.59375,0.0002501628437853006,bullish_ma_crossover_rsi_filter_passed,bearish_crossover,0.02609198460680758,0.09986535976532686,0.019978063483556983,-0.09375143864207627,0.13085228370481697,-0.4687571932103814,215.0
2026-09-06 20:50:00+00:00,79962.79641750001,2026-09-06 22:10:00+00:00,79651.87414,0.0002494910244989119,bullish_ma_crossover_rsi_filter_passed,bearish_crossover,-0.05766111812706733,0.09965608169987061,0.019936186932191763,-0.17725338675912972,-0.28917267511845046,-0.8862669337956486,80.0
2026-09-06 23:05:00+00:00,80264.41465125,2026-09-07 01:00:00+00:00,80124.1149015,0.00024855348521113656,bullish_ma_crossover_rsi_filter_passed,bearish_crossover,-0.014939431505359242,0.0997628325143166,0.019957547775501336,-0.13465981179517716,-0.07492181063213994,-0.6732990589758858,115.0
2026-09-07 02:50:00+00:00,80301.23055000001,2026-09-07 03:30:00+00:00,79685.303417,0.00024843953029559144,bullish_ma_crossover_rsi_filter_passed,bearish_crossover,-0.13314719122943958,0.09946746087470604,0.019898443895638735,-0.25251309599978433,-0.6677381695491443,-1.2625654799989217,40.0
2026-09-07 05:25:00+00:00,79910.3402025,2026-09-07 06:45:00+00:00,79635.3624,0.0002496547999851446,bullish_ma_crossover_rsi_filter_passed,bearish_crossover,-0.04873386523110059,0.09967838867304438,0.019940650558637828,-0.1683529044627828,-0.24440216623416613,-0.8417645223139141,80.0
2026-09-07 09:20:00+00:00,79550.4963705,2026-09-07 10:05:00+00:00,79345.63783475,0.00025078410456528757,bullish_ma_crossover_rsi_filter_passed,bearish_crossover,-0.03145095994558453,0.09972157433262657,0.019949292011281504,-0.1511218262894926,-0.15772774649402166,-0.755609131447463,45.0
2026-09-07 11:50:00+00:00,79442.97663749999,2026-09-07 14:00:00+00:00,79300.8947175,0.00025112352084983273,bullish_ma_crossover_rsi_filter_passed,bearish_crossover,-0.015747955992490965,0.0997608122137544,0.01995714351325574,-0.13546591171950112,-0.07897659133076294,-0.6773295585975057,130.0
2026-09-08 00:00:00+00:00,79132.46545949999,2026-09-08 00:05:00+00:00,78999.18065,0.00025210891489549776,bullish_ma_crossover_rsi_filter_passed,bearish_crossover,-0.013669093256718319,0.09976600677201539,0.019958182944625064,-0.13339328297335878,-0.06855101655812872,-0.666966414866794,5.0
2026-09-08 00:15:00+00:00,79066.669578,2026-09-08 02:50:00+00:00,79056.99672750001,0.0002523187090904232,bullish_ma_crossover_rsi_filter_passed,bearish_crossover,0.01750814290507426,0.09984391089087466,0.019973771562703753,-0.10230953954850416,0.08780399486980851,-0.5115476977425208,155.0
2026-09-08 08:45:00+00:00,78539.035893,2026-09-08 11:15:00+00:00,78250.75504999999,0.0002540138132988987,bullish_ma_crossover_rsi_filter_passed,bearish_crossover,-0.053313943218052294,0.09966694420317451,0.01993836051964582,-0.17291924794087263,-0.26737142952211185,-0.8645962397043631,150.0
2026-09-08 13:15:00+00:00,78482.049414,2026-09-08 13:40:00+00:00,77810.4623065,0.0002541982548743334,bullish_ma_crossover_rsi_filter_passed,bearish_crossover,-0.15085166657087717,0.09942322181694663,0.019889591657968178,-0.27016448004579197,-0.7565267789682336,-1.3508224002289597,25.0
2026-09-08 20:45:00+00:00,78562.267503,2026-09-08 22:20:00+00:00,78428.9349155,0.0002539386989974314,bullish_ma_crossover_rsi_filter_passed,bearish_crossover,-0.013925236436922027,0.09976536673424385,0.019958054873036275,-0.13364865804420217,-0.06983558423629319,-0.6682432902210109,95.0
2026-09-08 23:10:00+00:00,78548.82328424999,2026-09-08 23:15:00+00:00,78452.855949,0.0002539821625055486,bullish_ma_crossover_rsi_filter_passed,bearish_crossover,-0.0044361794414018935,0.09978907751541141,0.01996279940153018,-0.12418805635834348,-0.022247606672293703,-0.6209402817917175,5.0
2026-09-09 06:40:00+00:00,79236.73206674999,2026-09-09 09:50:00+00:00,78965.73738,0.0002517771679830748,bullish_ma_crossover_rsi_filter_passed,bearish_crossover,-0.0483144019843579,0.09967943680683221,0.019940860290259932,-0.16793469908145003,-0.2422985422824565,-0.8396734954072501,190.0
2026-09-09 12:00:00+00:00,79352.81658,2026-09-09 14:05:00+00:00,79006.82132775002,0.00025140884545524976,bullish_ma_crossover_rsi_filter_passed,bearish_crossover,-0.06707977680456444,0.09963254682650022,0.019931477602847997,-0.18664380123391264,-0.3364076024710111,-0.9332190061695632,125.0
2026-09-09 17:05:00+00:00,78753.87175725,2026-09-09 18:20:00+00:00,78535.9124,0.00025332087876890223,bullish_ma_crossover_rsi_filter_passed,bearish_crossover,-0.03529127156525218,0.09971197835396693,0.019947371855470214,-0.15495062177468932,-0.17698705363927217,-0.7747531088734466,75.0
2026-09-09 23:40:00+00:00,78246.59224425,2026-09-10 01:35:00+00:00,77975.89504875,0.0002549631802203634,bullish_ma_crossover_rsi_filter_passed,bearish_crossover,-0.04910233902592152,0.0996774679491496,0.019940466321739937,-0.16872027329681105,-0.24625007616759131,-0.8436013664840554,115.0
2026-09-10 03:00:00+00:00,78377.659245,2026-09-10 05:10:00+00:00,78257.137857,0.00025453681817210795,bullish_ma_crossover_rsi_filter_passed,bearish_crossover,-0.010742471874138815,0.0997733196671951,0.019959646255316245,-0.13047543779665016,-0.05387390030113224,-0.6523771889832508,130.0
2026-09-10 05:35:00+00:00,78504.0574125,2026-09-10 06:30:00+00:00,78159.350775,0.00025412699238171367,bullish_ma_crossover_rsi_filter_passed,bearish_crossover,-0.06769307759567898,0.0996310143411484,0.019931170952456403,-0.1872552628892838,-0.33948332899487127,-0.936276314446419,55.0
2026-09-10 09:25:00+00:00,78197.86439249999,2026-09-10 09:55:00+00:00,77937.11195,0.0002551220567848835,bullish_ma_crossover_rsi_filter_passed,bearish_crossover,-0.04660697294374584,0.09968370324514743,0.019941714004779645,-0.16623239019367292,-0.23373572145472538,-0.8311619509683645,30.0
2026-09-10 12:00:00+00:00,77867.67438,2026-09-10 12:10:00+00:00,77657.3009255,0.0002562038761122174,bullish_ma_crossover_rsi_filter_passed,bearish_crossover,-0.033975452215114665,0.0997152662575681,0.019948029765146785,-0.15363874823782955,-0.1703881701314397,-0.7681937411891477,10.0
2026-09-10 14:40:00+00:00,77260.78558725,2026-09-10 16:05:00+00:00,77025.917775,0.00025821637520719514,bullish_ma_crossover_rsi_filter_passed,bearish_crossover,-0.04072704867136638,0.09969839570592302,0.01994465396691922,-0.16037009834420862,-0.20424768017895772,-0.8018504917210432,85.0
2026-09-10 20:10:00+00:00,77311.87611975,2026-09-10 21:50:00+00:00,77100.28057500001,0.0002580457363251543,bullish_ma_crossover_rsi_filter_passed,bearish_crossover,-0.0346786374818668,0.09971350917338281,0.01994767817251269,-0.15433982482776232,-0.173914670679738,-0.7716991241388116,100.0
2026-09-11 00:55:00+00:00,76917.989775,2026-09-11 03:00:00+00:00,76769.9958,0.0002593671527084575,bullish_ma_crossover_rsi_filter_passed,bearish_crossover,-0.018453972915209015,0.09975405055396873,0.019955790504791987,-0.13816381397396973,-0.09254736792815349,-0.6908190698698486,125.0
2026-09-11 04:20:00+00:00,76981.9767525,2026-09-11 08:10:00+00:00,77082.2146125,0.0002591515682188834,bullish_ma_crossover_rsi_filter_passed,bearish_crossover,0.04593979849815875,0.09991495449028788,0.019987987390502344,-0.07396314338263148,0.23038981652836002,-0.3698157169131574,230.0
2026-09-11 08:45:00+00:00,77439.10019999999,2026-09-11 09:35:00+00:00,77019.732869,0.00025762179504249975,bullish_ma_crossover_rsi_filter_passed,bearish_crossover,-0.08814220571224865,0.09957991708226713,0.019920946388396955,-0.20764306918291273,-0.44203647526368306,-1.0382153459145635,50.0
2026-09-12 13:15:00+00:00,77332.01018175,2026-09-12 13:25:00+00:00,77234.35450449999,0.0002579785518715005,bullish_ma_crossover_rsi_filter_passed,bearish_crossover,-0.0052556680480052975,0.09978702981825566,0.019962389657228338,-0.1250050875234893,-0.026357372842252133,-0.6250254376174466,10.0
2026-09-12 14:15:00+00:00,77376.8691,2026-09-12 16:15:00+00:00,77312.014655,0.00025782898987832014,bullish_ma_crossover_rsi_filter_passed,bearish_crossover,0.003220284083581569,0.09980820910364446,0.019966627633294924,-0.11655455265335782,0.01614984574247298,-0.5827727632667891,120.0
2026-09-12 20:35:00+00:00,77195.68355249999,2026-09-13 01:10:00+00:00,77209.65785900001,0.0002584341388263271,bullish_ma_crossover_rsi_filter_passed,bearish_crossover,0.023563249475770764,0.0998590410884182,0.01997679911598929,-0.09627259072863673,0.11817058195743686,-0.4813629536431836,275.0
2026-09-13 01:25:00+00:00,77365.82358,2026-09-13 01:30:00+00:00,77189.867759,0.0002578658001277623,bullish_ma_crossover_rsi_filter_passed,bearish_crossover,-0.025445681425007298,0.09973658002232988,0.019952294650540842,-0.14513455609787804,-0.12761104895097644,-0.7256727804893902,5.0
2026-09-13 01:35:00+00:00,77263.83010875,2026-09-13 03:40:00+00:00,77160.4354825,0.00025820620039053297,bullish_ma_crossover_rsi_filter_passed,bearish_crossover,-0.006760483841723927,0.09978326965979109,0.01996163724933362,-0.12650539075084863,-0.03390408061977339,-0.6325269537542432,125.0
2026-09-13 05:30:00+00:00,77308.85711099999,2026-09-13 07:00:00+00:00,77055.702875,0.00025805581333786644,bullish_ma_crossover_rsi_filter_passed,bearish_crossover,-0.04541059758468956,0.09968669268807588,0.019942312192460294,-0.16503960246522573,-0.22773585405254085,-0.8251980123261285,90.0
2026-09-13 12:10:00+00:00,76793.17489875,2026-09-13 13:25:00+00:00,76594.0588125,0.00025978871203467764,bullish_ma_crossover_rsi_filter_passed,bearish_crossover,-0.03180398359906547,0.09972069221477245,0.019949115499453766,-0.1514737913132917,-0.15949817338779454,-0.7573689565664584,75.0
2026-09-13 14:10:00+00:00,76976.64908999999,2026-09-13 19:30:00+00:00,77194.613385,0.0002591695044645909,bullish_ma_crossover_rsi_filter_passed,bearish_crossover,0.0764679622922783,0.09999123673956843,0.020003251472398027,-0.043526525919688155,0.3834897056312002,-0.21763262959844076,320.0
2026-09-14 00:20:00+00:00,76902.81869325,2026-09-14 01:00:00+00:00,76727.8169,0.0002594183196272242,bullish_ma_crossover_rsi_filter_passed,bearish_crossover,-0.025471376840077452,0.09973651581591146,0.01995228180283285,-0.14516017445882176,-0.12773991242354632,-0.7258008722941088,40.0
2026-09-14 01:25:00+00:00,76778.726178,2026-09-14 01:35:00+00:00,76576.19275,0.0002598376007665054,bullish_ma_crossover_rsi_filter_passed,bearish_crossover,-0.03270212108206924,0.09971844799373678,0.019948666430712143,-0.15236923550651815,-0.16400236662962542,-0.7618461775325908,10.0
2026-09-14 01:40:00+00:00,76832.9742885,2026-09-14 01:45:00+00:00,76744.9573255,0.00025965414178930236,bullish_ma_crossover_rsi_filter_passed,bearish_crossover,-0.0029153967040110125,0.09979287757127647,0.019963559792902125,-0.12267183406818961,-0.014620824071995074,-0.6133591703409481,5.0
2026-09-14 01:55:00+00:00,76941.69262049999,2026-09-14 04:40:00+00:00,77537.5028545,0.0002592872514307622,bullish_ma_crossover_rsi_filter_passed,bearish_crossover,0.17451328457547524,0.10023622748862358,0.020052274133541798,0.05422478295330986,0.8751906827958043,0.2711239147665493,165.0
2026-09-14 05:05:00+00:00,77629.04512499999,2026-09-14 05:15:00+00:00,77555.4029,0.00025699143880845206,bullish_ma_crossover_rsi_filter_passed,bearish_crossover,0.0010151161832926377,0.09980269894035362,0.019965525049342358,-0.11875310780640334,0.005090845821475108,-0.5937655390320167,10.0
2026-09-14 06:15:00+00:00,77783.668398,2026-09-14 07:10:00+00:00,77568.1835065,0.0002564805750472031,bullish_ma_crossover_rsi_filter_passed,bearish_crossover,-0.03534533156668217,0.09971184327153837,0.01994734482546614,-0.1550045196636867,-0.17725816657877444,-0.7750225983184335,55.0
2026-09-14 07:20:00+00:00,77729.14515,2026-09-14 09:15:00+00:00,77632.214475,0.00025666048380566813,bullish_ma_crossover_rsi_filter_passed,bearish_crossover,-0.004940714313259112,0.09978781680890036,0.01996254713409671,-0.1246910782562562,-0.02477786802213404,-0.623455391281281,115.0
2026-09-14 09:50:00+00:00,78019.426218,2026-09-14 11:20:00+00:00,77718.0465375,0.0002557055462604428,bullish_ma_crossover_rsi_filter_passed,bearish_crossover,-0.057153002350217474,0.09965735135416803,0.01993644099007641,-0.17674679469446192,-0.2866244553954515,-0.8837339734723096,90.0
2026-09-14 12:45:00+00:00,77914.57531875,2026-09-14 13:10:00+00:00,77510.775225,0.00025604965333359225,bullish_ma_crossover_rsi_filter_passed,bearish_crossover,-0.08349459133141628,0.09959153030870123,0.01992327019558738,-0.20300939183570488,-0.4187285144214636,-1.0150469591785245,25.0
2026-09-14 13:45:00+00:00,78159.810375,2026-09-14 20:15:00+00:00,79145.17761500001,0.0002552462692051407,bullish_ma_crossover_rsi_filter_passed,bearish_crossover,0.27158713535965484,0.10047879077327054,0.02010081105893349,0.1510075335274508,1.3620196938713518,0.7550376676372541,390.0
2026-09-14 20:20:00+00:00,79431.36233325,2026-09-14 21:20:00+00:00,78870.6899275,0.00025116023965824545,bullish_ma_crossover_rsi_filter_passed,bearish_crossover,-0.12093905534059848,0.09949796595425829,0.01990454796358241,-0.24034156925843916,-0.6065139091141292,-1.2017078462921957,60.0
2026-09-15 06:35:00+00:00,77457.5744325,2026-09-15 06:45:00+00:00,77380.9831535,0.00025756035024547953,bullish_ma_crossover_rsi_filter_passed,bearish_crossover,0.00021325997000172788,0.09980069530214065,0.019965124121237895,-0.11955255945337682,0.0010695067668507704,-0.5977627972668842,10.0
2026-09-15 09:50:00+00:00,77043.9337155,2026-09-15 11:55:00+00:00,76824.9433125,0.00025894316447637954,bullish_ma_crossover_rsi_filter_passed,bearish_crossover,-0.03678443017285576,0.09970824732389619,0.019946625276165877,-0.15643930277291784,-0.1844753001901864,-0.7821965138645892,125.0
2026-09-15 13:10:00+00:00,77027.10080325,2026-09-15 13:40:00+00:00,76222.60113425,0.00025899975193092366,bullish_ma_crossover_rsi_filter_passed,bearish_crossover,-0.18851944443672106,0.09932909945700436,0.019870757769035262,-0.3077193016627606,-0.9454321010473153,-1.5385965083138031,30.0
2026-09-15 23:15:00+00:00,75885.8109435,2026-09-16 01:40:00+00:00,75464.13405749999,0.0002628949964684909,bullish_ma_crossover_rsi_filter_passed,bearish_crossover,-0.0909621945680928,0.09957287063511358,0.019919536393968592,-0.210454601597175,-0.4561788253903601,-1.0522730079858749,145.0
2026-09-16 02:45:00+00:00,75944.8424445,2026-09-16 04:15:00+00:00,75783.639225,0.0002626906496590513,bullish_ma_crossover_rsi_filter_passed,bearish_crossover,-0.022417757351251854,0.09974414604760917,0.019953808612578564,-0.1421157120114396,-0.1124258958893608,-0.710578560057198,90.0
2026-09-16 04:50:00+00:00,75879.3196995,2026-09-16 04:55:00+00:00,75727.7521825,0.00026291748633233274,bullish_ma_crossover_rsi_filter_passed,bearish_crossover,-0.01991968043448552,0.09975038811730494,0.01995505765103529,-0.13962512620282574,-0.09989794623911159,-0.6981256310141287,5.0
2026-09-16 05:55:00+00:00,75883.06257,2026-09-16 07:35:00+00:00,75721.60026,0.00026290451814061516,bullish_ma_crossover_rsi_filter_passed,bearish_crossover,-0.022520401023926013,0.09974388956673208,0.019953757290738353,-0.14221804788139644,-0.1129406577666064,-0.7110902394069822,100.0
2026-09-16 15:40:00+00:00,75732.897525,2026-09-16 17:20:00+00:00,75654.59028175,0.0002634258116614957,bullish_ma_crossover_rsi_filter_passed,bearish_crossover,-0.0006884633587790976,0.09979844212097289,0.019964673259570638,-0.12045157873932263,-0.0034526696263583317,-0.6022578936966132,100.0
2026-09-16 18:30:00+00:00,75985.42372499999,2026-09-16 19:40:00+00:00,75703.16948,0.0002625503553444849,bullish_ma_crossover_rsi_filter_passed,bearish_crossover,-0.054193018846656046,0.09966474761294755,0.01993792098182728,-0.17379568744143087,-0.2717800268475156,-0.8689784372071543,70.0
2026-09-16 19:45:00+00:00,75925.225641,2026-09-16 21:55:00+00:00,75912.134945,0.00026275852105241425,bullish_ma_crossover_rsi_filter_passed,bearish_crossover,0.016508592360679523,0.09984141326395186,0.019973271787432963,-0.10330609269070531,0.08279121131258076,-0.5165304634535265,130.0
2026-09-17 03:20:00+00:00,76405.93437524998,2026-09-17 04:30:00+00:00,76093.24234600001,0.00026110537307246596,bullish_ma_crossover_rsi_filter_passed,bearish_crossover,-0.06173640717268395,0.09964589857136788,0.019934149287662985,-0.1813164550317148,-0.30961040288857283,-0.9065822751585741,70.0
2026-09-17 05:20:00+00:00,76409.27304374998,2026-09-17 06:25:00+00:00,76237.5771425,0.0002610939641917172,bullish_ma_crossover_rsi_filter_passed,bearish_crossover,-0.02490118409987394,0.09973794058502106,0.019952566899201517,-0.14459169158409652,-0.12488037439560837,-0.7229584579204825,65.0
2026-09-17 06:35:00+00:00,76459.96087499999,2026-09-17 08:20:00+00:00,76361.3932035,0.00026092087638672886,bullish_ma_crossover_rsi_filter_passed,bearish_crossover,-0.005781223858102452,0.09978571658567519,0.019962126879320044,-0.12552906732309768,-0.028993054987626585,-0.6276453366154884,105.0
2026-09-17 09:05:00+00:00,76636.04387249998,2026-09-17 10:20:00+00:00,76232.6196225,0.0002603213708837969,bullish_ma_crossover_rsi_filter_passed,bearish_crossover,-0.08512248506529033,0.09958746260923373,0.019922456248719418,-0.20463240392324347,-0.42689246269585446,-1.0231620196162174,75.0
2026-09-17 14:35:00+00:00,76814.14787999999,2026-09-17 15:20:00+00:00,76279.3962225,0.0002597177805209287,bullish_ma_crossover_rsi_filter_passed,bearish_crossover,-0.1190039856235926,0.09950280120971366,0.019905515498439517,-0.2384123023317458,-0.5968094617363628,-1.192061511658729,45.0
2026-09-17 16:05:00+00:00,76717.289475,2026-09-17 18:15:00+00:00,76623.74896000001,0.00026004568378945587,bullish_ma_crossover_rsi_filter_passed,bearish_crossover,-0.004386970685526909,0.09978920047579015,0.01996282400590919,-0.12413899516722625,-0.022000822911627433,-0.6206949758361313,130.0
2026-09-17 20:30:00+00:00,76681.85026425,2026-09-17 21:10:00+00:00,76400.1758025,0.00026016586625454615,bullish_ma_crossover_rsi_filter_passed,bearish_crossover,-0.053368734725325974,0.0996668072928957,0.019938333123890983,-0.17297387514211265,-0.2676462109909205,-0.8648693757105632,40.0
2026-09-18 01:00:00+00:00,76569.72573,2026-09-18 11:35:00+00:00,78015.48024625001,0.00026054683897324706,bullish_ma_crossover_rsi_filter_passed,bearish_crossover,0.39682521173110663,0.10079172941660372,0.020163430097119354,0.27587005221738353,1.990093355072542,1.3793502610869177,635.0
2026-09-18 18:30:00+00:00,81017.23337249999,2026-09-18 20:50:00+00:00,81035.911775,0.0002462439060128621,bullish_ma_crossover_rsi_filter_passed,bearish_crossover,0.02455174864901285,0.09986151110072736,0.01997729336557714,-0.09528705581729165,0.12312794247286891,-0.4764352790864583,140.0
2026-09-18 21:20:00+00:00,81161.40792375,2026-09-18 23:10:00+00:00,81076.48897625001,0.00024580648007908813,bullish_ma_crossover_rsi_filter_passed,bearish_crossover,-0.0009340646243012503,0.09979782842481065,0.019964550458938447,-0.12069644350805034,-0.004684369206082209,-0.6034822175402517,110.0
2026-09-19 07:15:00+00:00,81165.8436405,2026-09-19 10:20:00+00:00,81242.30352750001,0.0002457930467446701,bullish_ma_crossover_rsi_filter_passed,bearish_crossover,0.03875271492195272,0.09989699576520186,0.019984393848711715,-0.08112867469196086,0.1943463222025749,-0.4056433734598043,185.0
2026-09-19 11:50:00+00:00,81310.845105,2026-09-19 13:00:00+00:00,81275.92670750001,0.0002453547245049262,bullish_ma_crossover_rsi_filter_passed,bearish_crossover,0.011378325348915952,0.09982859400925623,0.019970706653926508,-0.10842097531426678,0.05706272938140555,-0.542104876571334,70.0
2026-09-19 14:10:00+00:00,81428.3848455,2026-09-19 17:35:00+00:00,81474.992125,0.00024500056138719426,bullish_ma_crossover_rsi_filter_passed,bearish_crossover,0.031374526890681195,0.0998785595178587,0.01998070475469641,-0.08848473738187393,0.15734443185025832,-0.4424236869093696,205.0
2026-09-19 22:55:00+00:00,81279.73955999999,2026-09-20 01:20:00+00:00,81132.2185975,0.0002454486211200651,bullish_ma_crossover_rsi_filter_passed,bearish_crossover,-0.016276925309577688,0.09975949045167334,0.01995687902859516,-0.1359932947898462,-0.08162939234201741,-0.6799664739492309,145.0
2026-09-20 05:10:00+00:00,80531.10042749999,2026-09-20 06:45:00+00:00,80315.4911655,0.0002477303786250935,bullish_ma_crossover_rsi_filter_passed,bearish_crossover,-0.03348967896481227,0.0997164800834773,0.01994827265176752,-0.1531544317000571,-0.1679519990190209,-0.7657721585002856,95.0
2026-09-20 08:45:00+00:00,80280.6492645,2026-09-20 08:55:00+00:00,80197.46620750001,0.00024850322191928093,bullish_ma_crossover_rsi_filter_passed,bearish_crossover,-0.000731593485327528,0.09979833434956914,0.019964651694511427,-0.12049457952940809,-0.0036689688324320385,-0.6024728976470405,10.0
2026-09-20 09:45:00+00:00,80554.2700065,2026-09-20 10:55:00+00:00,80313.97442425002,0.0002476591246918409,bullish_ma_crossover_rsi_filter_passed,bearish_crossover,-0.039591159161924495,0.09970123400983477,0.019945221911668413,-0.15923761508342768,-0.19855115158649347,-0.7961880754171384,70.0
2026-09-20 20:05:00+00:00,81241.4474235,2026-09-20 20:45:00+00:00,81091.6888725,0.00024556431024675763,bullish_ma_crossover_rsi_filter_passed,bearish_crossover,-0.016843747168443054,0.09975807410555346,0.01995659561767066,-0.13655841689166717,-0.08447202527331966,-0.6827920844583358,40.0
2026-09-20 22:30:00+00:00,81188.7310785,2026-09-21 02:00:00+00:00,80938.85033,0.0002457237566714854,bullish_ma_crossover_rsi_filter_passed,bearish_crossover,-0.04148234743001261,0.09969650840314986,0.01994427631753684,-0.16112313215069932,-0.20803553184825874,-0.8056156607534966,210.0
2026-09-21 03:40:00+00:00,81487.72600125,2026-09-21 04:30:00+00:00,81243.42296750001,0.0002448221465855357,bullish_ma_crossover_rsi_filter_passed,bearish_crossover,-0.039890708509280726,0.09970048551090303,0.019945072136998494,-0.15953626615718228,-0.2000534028247387,-0.7976813307859114,50.0
2026-09-21 05:20:00+00:00,81437.05817999999,2026-09-21 07:30:00+00:00,81564.847175,0.0002449744679615587,bullish_ma_crossover_rsi_filter_passed,bearish_crossover,0.05127070639967305,0.0999282750964068,0.019990652844450216,-0.06864822154118397,0.25712452006452574,-0.3432411077059198,130.0
2026-09-21 07:35:00+00:00,81538.32879,2026-09-21 07:40:00+00:00,81507.535845,0.00024467020965539705,bullish_ma_crossover_rsi_filter_passed,bearish_crossover,0.012412119735817295,0.09983117720298049,0.019971223551119757,-0.10739028101828295,0.06224724709616644,-0.5369514050914148,5.0
2026-09-21 08:10:00+00:00,81956.64284249999,2026-09-21 09:35:00+00:00,85192.2911019219,0.0002434213909705754,bullish_ma_crossover_rsi_filter_passed,take_profit,0.8079700149925035,0.10181907749375314,0.020369002498747298,0.6857819350000031,4.051999999999999,3.428909675000015,85.0
2026-09-21 11:30:00+00:00,84686.70369075,2026-09-21 16:35:00+00:00,85698.19046950001,0.00023557417080314418,bullish_ma_crossover_rsi_filter_passed,bearish_crossover,0.25834936384930635,0.10044571289170909,0.020094192173175915,0.13780945878442136,1.2956317720863708,0.6890472939221068,305.0
2026-09-21 17:30:00+00:00,85931.894475,2026-09-21 17:55:00+00:00,85675.9136135,0.00023216059790005,bullish_ma_crossover_rsi_filter_passed,bearish_crossover,-0.03950839406883589,0.09970144081911111,0.019945263294219223,-0.15915509818216622,-0.19813608153318446,-0.795775490910831,25.0
2026-09-21 18:15:00+00:00,86045.28264075,2026-09-21 21:45:00+00:00,86715.650485,0.0002318546628906292,bullish_ma_crossover_rsi_filter_passed,bearish_crossover,0.17545566836048965,0.10023858227010637,0.02005274532543276,0.05516434076495051,0.8799167729056135,0.2758217038247526,210.0
2026-09-22 07:00:00+00:00,85420.4858985,2026-09-22 07:35:00+00:00,85124.4914625,0.0002335505328745774,bullish_ma_crossover_rsi_filter_passed,bearish_crossover,-0.04921423538839877,0.09967718834811384,0.019940410373560008,-0.1688318341100726,-0.24681124063204493,-0.8441591705503629,35.0
2026-09-22 08:25:00+00:00,85536.176715,2026-09-22 10:55:00+00:00,85894.4313,0.00023323464721216003,bullish_ma_crossover_rsi_filter_passed,bearish_crossover,0.10354918632278295,0.10005890594811466,0.020016792084415477,-0.016526511709747182,0.5193030622353099,-0.0826325585487359,150.0
2026-09-22 11:50:00+00:00,86096.08652999999,2026-09-22 12:20:00+00:00,85799.554762,0.00023171784925495387,bullish_ma_crossover_rsi_filter_passed,bearish_crossover,-0.048796071567505796,0.09967823323496132,0.019940619455466824,-0.16841492425793395,-0.24471413334982228,-0.8420746212896697,30.0
2026-09-22 12:25:00+00:00,86001.0540375,2026-09-22 13:40:00+00:00,85756.95007500002,0.0002319739010559217,bullish_ma_crossover_rsi_filter_passed,bearish_crossover,-0.03670407049457119,0.09970844812264229,0.019946665456005173,-0.15635918407321867,-0.18407229338254877,-0.7817959203660932,75.0
2026-09-22 13:55:00+00:00,86144.93594249999,2026-09-22 15:05:00+00:00,86211.0199265,0.00023158645115617968,bullish_ma_crossover_rsi_filter_passed,bearish_crossover,0.035261816225942794,0.0998882728820852,0.0199826483993652,-0.0846091050555076,0.17683933400529203,-0.42304552527753797,70.0
2026-09-22 15:10:00+00:00,86288.87337524998,2026-09-22 19:05:00+00:00,86442.1822875,0.00023120014457996398,bullish_ma_crossover_rsi_filter_passed,bearish_crossover,0.05541277905213249,0.09993862510044715,0.01999272388077676,-0.06451856992909143,0.2778971701336268,-0.32259284964545715,235.0
2026-09-22 19:25:00+00:00,86549.2279875,2026-09-22 19:45:00+00:00,86359.3637175,0.00023050465571895464,bullish_ma_crossover_rsi_filter_passed,bearish_crossover,-0.023836486447897903,0.09974060099827894,0.019953099248027524,-0.14353018669420436,-0.11954087564472105,-0.7176509334710218,20.0
2026-09-22 23:15:00+00:00,86416.1865,2026-09-23 00:05:00+00:00,86136.53019,0.00023085952768813747,bullish_ma_crossover_rsi_filter_passed,bearish_crossover,-0.0446436154643331,0.09968860918464911,0.0199426956835191,-0.1642749203325013,-0.2238894098850389,-0.8213746016625065,50.0
2026-09-23 00:20:00+00:00,86545.4480985,2026-09-23 02:10:00+00:00,86306.26577975,0.00023051472305388377,bullish_ma_crossover_rsi_filter_passed,bearish_crossover,-0.03521262229218132,0.09971217487883802,0.019947411180107014,-0.15487220835112636,-0.17659262457808228,-0.7743610417556318,110.0
2026-09-23 02:55:00+00:00,86505.63119999999,2026-09-23 05:45:00+00:00,86692.54204500001,0.00023062082460130066,bullish_ma_crossover_rsi_filter_passed,bearish_crossover,0.06307710173670389,0.0999577763267552,0.01999655604212018,-0.0568772306321715,0.3163340365291841,-0.28438615316085747,170.0
2026-09-23 13:50:00+00:00,85706.21469149999,2026-09-23 14:20:00+00:00,84289.18182625,0.00023277191825365454,bullish_ma_crossover_rsi_filter_passed,bearish_crossover,-0.3100604585169654,0.09902539884807135,0.019809987261993615,-0.4288958446270304,-1.5549648558707962,-2.1444792231351517,30.0
2026-09-23 18:05:00+00:00,84277.45766999999,2026-09-23 20:55:00+00:00,84216.774548,0.0002367181041236077,bullish_ma_crossover_rsi_filter_passed,bearish_crossover,0.005578025405568334,0.09981410050977277,0.01996780650395387,-0.11420388160815831,0.027974007109128413,-0.5710194080407915,170.0
2026-09-23 21:50:00+00:00,84490.6312035,2026-09-23 23:50:00+00:00,84376.35072,0.00023612085406190666,bullish_ma_crossover_rsi_filter_passed,bearish_crossover,-0.007047499131187817,0.09978255248033657,0.019961493741686404,-0.1267915453532108,-0.03534347308648326,-0.633957726766054,120.0
2026-09-24 03:00:00+00:00,84397.5777,2026-09-24 03:45:00+00:00,83951.42179075,0.00023638119177915695,bullish_ma_crossover_rsi_filter_passed,bearish_crossover,-0.08556561837200558,0.09958635532988355,0.01992223468206865,-0.2050742083839578,-0.42911479288817833,-1.025371041919789,45.0
2026-09-24 05:25:00+00:00,84197.5947585,2026-09-24 07:20:00+00:00,84132.69760750001,0.00023694263544251647,bullish_ma_crossover_rsi_filter_passed,bearish_crossover,0.004565410699705552,0.09981157023877651,0.0199673001965993,-0.11521345973567026,0.02289570629100453,-0.5760672986783513,115.0
2026-09-24 15:55:00+00:00,84448.09544625,2026-09-24 17:45:00+00:00,84102.7026125,0.00023623978604346254,bullish_ma_crossover_rsi_filter_passed,bearish_crossover,-0.061686342332205615,0.09964602367088801,0.019934174320085655,-0.1812665403231793,-0.30935932583143716,-0.9063327016158964,110.0
2026-09-24 19:00:00+00:00,84492.3820785,2026-09-24 20:25:00+00:00,84127.8800175,0.00023611596109889406,bullish_ma_crossover_rsi_filter_passed,bearish_crossover,-0.06615780337222368,0.09963485060761428,0.01993193858956399,-0.18572459256940194,-0.33178387104716683,-0.9286229628470097,85.0
2026-09-24 21:55:00+00:00,84425.0064075,2026-09-24 22:25:00+00:00,84085.79607000001,0.00023630439426567477,bullish_ma_crossover_rsi_filter_passed,bearish_crossover,-0.060246986840005526,0.09964962026042415,0.01993489399783066,-0.17983150109826035,-0.30214090392694504,-0.8991575054913017,30.0
2026-09-25 02:15:00+00:00,84858.458025,2026-09-25 03:00:00+00:00,84164.66161750001,0.00023509736641835475,bullish_ma_crossover_rsi_filter_passed,bearish_crossover,-0.1432412988982081,0.09944223822316872,0.019893396841802306,-0.26257693396317916,-0.7183604989857504,-1.3128846698158958,45.0
2026-09-25 05:20:00+00:00,84212.39015249998,2026-09-25 05:30:00+00:00,84116.28581750001,0.0002369010066555836,bullish_ma_crossover_rsi_filter_passed,bearish_crossover,-0.0028285980194647726,0.0997930944594895,0.019963603192239776,-0.12258529567119406,-0.014185525405887238,-0.6129264783559703,10.0
2026-09-25 05:40:00+00:00,84371.36459999999,2026-09-25 06:35:00+00:00,83972.29285000001,0.00023645463238128076,bullish_ma_crossover_rsi_filter_passed,bearish_crossover,-0.07445956373686394,0.09961410658390313,0.01992778770938109,-0.19400145803014815,-0.37341751137209195,-0.9700072901507407,55.0
2026-09-25 16:25:00+00:00,84016.6923525,2026-09-25 18:00:00+00:00,83725.406355,0.00023745281373727356,bullish_ma_crossover_rsi_filter_passed,bearish_crossover,-0.04925127536131853,0.09967709579448152,0.019940391853572454,-0.1688687630093725,-0.24699699748871773,-0.8443438150468625,95.0
2026-09-25 18:35:00+00:00,84007.48575149999,2026-09-25 21:15:00+00:00,83643.591283,0.00023747883681477498,bullish_ma_crossover_rsi_filter_passed,bearish_crossover,-0.06651046034787796,0.09963396940599636,0.0199317622610768,-0.18607619201495113,-0.3335524590378541,-0.9303809600747556,160.0
2026-09-26 05:25:00+00:00,84027.10055399999,2026-09-26 05:35:00+00:00,83848.8036255,0.00023742340112258353,bullish_ma_crossover_rsi_filter_passed,bearish_crossover,-0.022403034706525087,0.09974418283581768,0.019953815973898413,-0.14210103351624118,-0.11235206127257318,-0.7105051675812059,10.0
2026-09-26 07:20:00+00:00,84061.30965,2026-09-26 09:40:00+00:00,83950.79310525,0.00023732678069214453,bullish_ma_crossover_rsi_filter_passed,bearish_crossover,-0.006291651619540037,0.0997844411543063,0.019961871665441146,-0.1260379644392875,-0.03155286940024966,-0.6301898221964375,140.0
2026-09-26 10:45:00+00:00,84182.080005,2026-09-26 12:30:00+00:00,84054.65165,0.00023698630395940646,bullish_ma_crossover_rsi_filter_passed,bearish_crossover,-0.010263876824481342,0.09977451555657543,0.019959885552841825,-0.12999827793389862,-0.05147372813480493,-0.6499913896694931,105.0
2026-09-26 21:10:00+00:00,84111.73485,2026-09-27 00:40:00+00:00,84304.89646500001,0.0002371845026806031,bullish_ma_crossover_rsi_filter_passed,bearish_crossover,0.06578786550852123,0.09996454984773004,0.01999791142400645,-0.05417459576321526,0.32992861875326057,-0.2708729788160763,210.0
2026-09-27 01:50:00+00:00,84490.950363,2026-09-27 03:40:00+00:00,84333.0124,0.00023611996212953524,bullish_ma_crossover_rsi_filter_passed,bearish_crossover,-0.017360956335535742,0.0997567817291472,0.01995633701308457,-0.13707407507776753,-0.08706584869024314,-0.6853703753888376,110.0
2026-09-27 12:20:00+00:00,85032.685095,2026-09-27 13:15:00+00:00,84597.05281375001,0.00023461566546689093,bullish_ma_crossover_rsi_filter_passed,bearish_crossover,-0.0823072812199321,0.09959449709984232,0.019923863850639954,-0.20182564217041438,-0.4127741095766519,-1.0091282108520718,55.0
2026-09-27 14:10:00+00:00,85070.78663625,2026-09-27 14:40:00+00:00,84676.490575,0.0002345105856996859,bullish_ma_crossover_rsi_filter_passed,bearish_crossover,-0.0725628517036612,0.09961884599309609,0.019928736065403067,-0.19211043376216036,-0.36390542922061664,-0.9605521688108017,30.0
2026-09-27 18:05:00+00:00,84593.51511975,2026-09-27 20:35:00+00:00,84533.32719250002,0.00023583368029758448,bullish_ma_crossover_rsi_filter_passed,bearish_crossover,0.00574856387409594,0.099814526642771,0.01996789177318866,-0.11403385454186374,0.02882926394001498,-0.5701692727093187,150.0
2026-09-28 00:05:00+00:00,84572.5401375,2026-09-28 01:15:00+00:00,83887.7201575,0.0002358921698173524,bullish_ma_crossover_rsi_filter_passed,bearish_crossover,-0.14167447827060287,0.09944615331621195,0.019894180252116513,-0.2610148118389313,-0.7105028346352791,-1.3050740591946566,70.0
2026-09-28 04:55:00+00:00,83493.12569999999,2026-09-28 05:20:00+00:00,83189.032676,0.00023894182703954034,bullish_ma_crossover_rsi_filter_passed,bearish_crossover,-0.05274688620263097,0.09966836113689179,0.019938644048151603,-0.17235389138767435,-0.264527617271841,-0.8617694569383718,25.0
2026-09-28 10:50:00+00:00,82894.28993175,2026-09-28 14:45:00+00:00,82886.785875,0.00024066796417974735,bullish_ma_crossover_rsi_filter_passed,bearish_crossover,0.0181431154816349,0.09984549752860036,0.01997408904899269,-0.10167647109595815,0.0909884062124096,-0.5083823554797907,235.0
2026-09-28 16:15:00+00:00,83433.9151095,2026-09-28 19:15:00+00:00,83645.24145750001,0.00023911139701184226,bullish_ma_crossover_rsi_filter_passed,bearish_crossover,0.07050582119129604,0.09997633883949235,0.020000270401848156,-0.049470788050044456,0.3535893438691313,-0.24735394025022228,180.0
2026-09-28 21:35:00+00:00,83463.23976449999,2026-09-28 21:55:00+00:00,83168.7858045,0.0002390273856645267,bullish_ma_crossover_rsi_filter_passed,bearish_crossover,-0.050467764154434866,0.09967405609310973,0.019939783609175393,-0.17008160385671997,-0.25309773451885753,-0.8504080192835998,20.0
2026-09-29 03:30:00+00:00,83205.90716249999,2026-09-29 09:00:00+00:00,83800.80363750001,0.0002397666305234546,bullish_ma_crossover_rsi_filter_passed,bearish_crossover,0.1626576821471137,0.10020660330205572,0.020046346332326204,0.04240473251273179,0.8157343909182319,0.21202366256365895,330.0
2026-09-29 11:35:00+00:00,84268.41315,2026-09-29 14:00:00+00:00,84151.65812250001,0.0002367435110530499,bullish_ma_crossover_rsi_filter_passed,bearish_crossover,-0.007704817567221096,0.09978091000589454,0.019961165082466724,-0.12744689265558234,-0.03863994975440955,-0.6372344632779118,145.0
2026-09-29 17:45:00+00:00,83144.43394125,2026-09-29 21:20:00+00:00,83399.49939000001,0.0002399439030891317,bullish_ma_crossover_rsi_filter_passed,bearish_crossover,0.08118202031141769,0.10000301599204378,0.02000560850140528,-0.03882660418203137,0.40713088381741047,-0.19413302091015686,215.0
2026-09-29 22:30:00+00:00,83597.149686,2026-09-30 00:20:00+00:00,83352.70529875,0.00023864450014066712,bullish_ma_crossover_rsi_filter_passed,bearish_crossover,-0.03841448586539467,0.09970417422223446,0.0199458102483196,-0.15806447033594873,-0.19265009076855827,-0.7903223516797435,110.0
2026-09-30 05:45:00+00:00,83477.65797,2026-09-30 06:25:00+00:00,83018.22262375,0.0002389861010136339,bullish_ma_crossover_rsi_filter_passed,bearish_crossover,-0.0899035838750664,0.09957551583858279,0.01992006569931691,-0.2093991654129661,-0.4508698529674382,-1.0469958270648305,40.0
2026-09-30 16:10:00+00:00,84369.0884625,2026-09-30 17:45:00+00:00,83898.241894,0.00023646101153347517,bullish_ma_crossover_rsi_filter_passed,bearish_crossover,-0.09144254715314558,0.09957167035409167,0.01991929621767638,-0.21093351372491362,-0.4585878116627677,-1.0546675686245681,95.0
2026-09-30 21:30:00+00:00,83717.86301249999,2026-09-30 23:25:00+00:00,83670.82016175,0.00023830039709710755,bullish_ma_crossover_rsi_filter_passed,bearish_crossover,0.008734067004206357,0.09982198666871737,0.019969384524755614,-0.11105730418926663,0.043801674374478496,-0.5552865209463331,115.0
2026-10-01 01:40:00+00:00,83554.17971175,2026-10-01 02:35:00+00:00,83448.99712875,0.00023876722946505674,bullish_ma_crossover_rsi_filter_passed,bearish_crossover,-0.0051767123020346195,0.0997872271089259,0.01996242913510101,-0.12492636854606154,-0.02596140680794805,-0.6246318427303077,55.0
2026-10-01 14:20:00+00:00,83980.89496275,2026-10-01 19:30:00+00:00,84533.60205500001,0.00023755402950693594,bullish_ma_crossover_rsi_filter_passed,bearish_crossover,0.15131348362787114,0.10017825698600577,0.020040674233065575,0.031094552408799797,0.7588428088706017,0.15547276204399899,310.0
2026-10-01 22:35:00+00:00,84696.99283275,2026-10-02 01:15:00+00:00,84590.50359000001,0.00023554555283202314,bullish_ma_crossover_rsi_filter_passed,bearish_crossover,-0.005145610374390974,0.0997873048248676,0.019962444686065138,-0.12489535988532371,-0.025805429471569767,-0.6244767994266186,160.0
2026-10-02 20:35:00+00:00,84480.0189,2026-10-03 03:10:00+00:00,84517.14578725,0.00023615051534984921,bullish_ma_crossover_rsi_filter_passed,bearish_crossover,0.02872192450468182,0.09987193132764671,0.019979378453503626,-0.09112938527646852,0.14404153116257723,-0.4556469263823426,395.0
2026-10-03 04:05:00+00:00,84743.45055,2026-10-03 04:40:00+00:00,84488.79247100001,0.00023541642298633073,bullish_ma_crossover_rsi_filter_passed,bearish_crossover,-0.040030679397441954,0.09970013575864625,0.01994500215155209,-0.1596758173076403,-0.20075536209093067,-0.7983790865382016,35.0
2026-10-03 08:50:00+00:00,84652.12791149999,2026-10-03 09:50:00+00:00,84544.456625,0.00023567039000905955,bullish_ma_crossover_rsi_filter_passed,bearish_crossover,-0.005437622908679964,0.09978657515854755,0.01996229867979587,-0.1251864967470234,-0.02726988330894388,-0.6259324837351169,60.0
2026-10-03 15:35:00+00:00,84833.97078749999,2026-10-03 19:15:00+00:00,84817.7699,0.00023516522702883512,bullish_ma_crossover_rsi_filter_passed,bearish_crossover,0.01613821370485381,0.09984048778028562,0.01997308659810405,-0.10367536067353586,0.08093374842960518,-0.5183768033676793,220.0
2026-10-03 22:45:00+00:00,84834.90775574998,2026-10-04 01:25:00+00:00,84686.79242150001,0.0002351626297212284,bullish_ma_crossover_rsi_filter_passed,bearish_crossover,-0.014898610824670443,0.09976293451499246,0.019957568185839204,-0.13461911352550213,-0.07471709338387356,-0.6730955676275107,160.0
2026-10-04 02:15:00+00:00,84865.4115,2026-10-04 05:00:00+00:00,84764.1797085,0.00023507810363943148,bullish_ma_crossover_rsi_filter_passed,bearish_crossover,-0.003859277227448848,0.09979051904981852,0.019963087852640855,-0.12361288412990822,-0.019354420381266026,-0.6180644206495411,165.0
2026-10-04 05:20:00+00:00,84868.89874275,2026-10-04 11:45:00+00:00,85227.06515,0.00023506844433638,bullish_ma_crossover_rsi_filter_passed,bearish_crossover,0.10418574302232693,0.10006049654416763,0.02001711036276624,-0.015891863884606935,0.522495418014226,-0.07945931942303468,385.0
2026-10-04 12:05:00+00:00,85378.3428375,2026-10-04 12:20:00+00:00,85189.68385,0.00023366581426827055,bullish_ma_crossover_rsi_filter_passed,bearish_crossover,-0.02415520354998247,0.0997398046039201,0.019952939889477456,-0.14384794804338003,-0.12113925389352108,-0.7192397402169001,15.0
2026-10-04 14:10:00+00:00,85248.733065,2026-10-04 14:30:00+00:00,85129.62389500001,0.00023402107319047934,bullish_ma_crossover_rsi_filter_passed,bearish_crossover,-0.00793799480262065,0.09978032735427758,0.019961048493849144,-0.1276793706507474,-0.039809342355999804,-0.638396853253737,20.0
2026-10-04 15:10:00+00:00,85296.627,2026-10-04 18:35:00+00:00,85281.43795,0.00023388967069002626,bullish_ma_crossover_rsi_filter_passed,bearish_crossover,0.016395665915372202,0.09984113108899666,0.019973215324210217,-0.10341868049783468,0.08222488094400945,-0.5170934024891733,205.0
2026-10-05 01:05:00+00:00,86612.4846,2026-10-05 01:50:00+00:00,86661.40712025,0.0002303363088143069,bullish_ma_crossover_rsi_filter_passed,end_of_backtest,0.031224274854713734,0.09987818407558383,0.019980629628680295,-0.08863453884955039,0.15659091224130872,-0.4431726942477519,45.0
